GEO_ID,S1901_C01_012E
1400000US06037101110,84091
1400000US06037101122,99583
1400000US06037101220,69676
1400000US06037101221,53798
1400000US06037101222,45662
1400000US06037101300,125675
1400000US06037101400,81154
1400000US06037102103,72656
1400000US06037102104,107656
1400000US06037102105,96167
1400000US06037102107,104500
1400000US06037103101,117857
1400000US06037103102,71754
1400000US06037103201,91213
1400000US06037103202,117338
1400000US06037103300,148036
1400000US06037103401,100893
1400000US06037103402,106161
1400000US06037104103,109688
1400000US06037104105,60519
1400000US06037104108,73344
1400000US06037104124,90469
1400000US06037104201,101509
1400000US06037104203,67872
1400000US06037104204,66167
1400000US06037104310,106250
1400000US06037104321,65521
1400000US06037104322,88125
1400000US06037104401,75234
1400000US06037104403,98400
1400000US06037104404,88125
1400000US06037104500,77888
1400000US06037104610,86220
1400000US06037104620,88972
1400000US06037104701,53011
1400000US06037104703,47981
1400000US06037104704,72784
1400000US06037104821,81518
1400000US06037104822,48750
1400000US06037104823,81500
1400000US06037104824,112375
1400000US06037106010,144375
1400000US06037106020,123250
1400000US06037106111,115357
1400000US06037106112,100758
1400000US06037106113,126190
1400000US06037106114,72065
1400000US06037106403,101346
1400000US06037106405,88651
1400000US06037106406,104598
1400000US06037106407,29083
1400000US06037106408,58056
1400000US06037106510,121935
1400000US06037106520,87029
1400000US06037106603,142500
1400000US06037106604,66611
1400000US06037106641,118387
1400000US06037106642,139145
1400000US06037106643,201250
1400000US06037106645,151389
1400000US06037106646,122734
1400000US06037106648,69125
1400000US06037106649,104773
1400000US06037107010,92788
1400000US06037107020,81429
1400000US06037108101,151027
1400000US06037108102,131014
1400000US06037108103,147893
1400000US06037108104,144167
1400000US06037108202,185852
1400000US06037108203,151250
1400000US06037108204,177283
1400000US06037109100,72396
1400000US06037109200,120016
1400000US06037109300,121750
1400000US06037109400,99718
1400000US06037109500,83561
1400000US06037109601,119063
1400000US06037109603,83878
1400000US06037109604,105015
1400000US06037109700,117104
1400000US06037109800,76681
1400000US06037111100,109600
1400000US06037111201,114489
1400000US06037111202,109137
1400000US06037111204,178706
1400000US06037111205,107028
1400000US06037111206,148929
1400000US06037111302,99457
1400000US06037111303,110469
1400000US06037111304,53989
1400000US06037111401,127115
1400000US06037111402,58650
1400000US06037113101,129038
1400000US06037113102,215756
1400000US06037113211,111806
1400000US06037113212,88917
1400000US06037113213,130446
1400000US06037113231,132981
1400000US06037113232,150678
1400000US06037113234,72769
1400000US06037113235,89744
1400000US06037113237,142917
1400000US06037113238,64717
1400000US06037113239,50625
1400000US06037113301,127448
1400000US06037113303,111893
1400000US06037113322,120364
1400000US06037113323,97064
1400000US06037113324,100960
1400000US06037113423,99000
1400000US06037113424,113472
1400000US06037113425,69559
1400000US06037113426,77070
1400000US06037113427,62266
1400000US06037113428,132614
1400000US06037115101,157829
1400000US06037115103,-
1400000US06037115104,86522
1400000US06037115202,66679
1400000US06037115203,76121
1400000US06037115204,100195
1400000US06037115301,95152
1400000US06037115302,76250
1400000US06037115401,62271
1400000US06037115403,72036
1400000US06037115404,104286
1400000US06037117101,110761
1400000US06037117102,94844
1400000US06037117201,54301
1400000US06037117202,98438
1400000US06037117301,146696
1400000US06037117302,115708
1400000US06037117303,129211
1400000US06037117404,130034
1400000US06037117405,49615
1400000US06037117407,53512
1400000US06037117408,49786
1400000US06037117510,57984
1400000US06037117520,50735
1400000US06037117530,42661
1400000US06037119001,113114
1400000US06037119003,99559
1400000US06037119004,90417
1400000US06037119201,108807
1400000US06037119202,75930
1400000US06037119310,68462
1400000US06037119320,87903
1400000US06037119340,46250
1400000US06037119341,53623
1400000US06037119342,76713
1400000US06037119400,99875
1400000US06037119700,90994
1400000US06037119801,117708
1400000US06037119802,94063
1400000US06037119900,86500
1400000US06037120010,59938
1400000US06037120020,42708
1400000US06037120030,48281
1400000US06037120103,47069
1400000US06037120104,52198
1400000US06037120105,47903
1400000US06037120106,41045
1400000US06037120107,41424
1400000US06037120108,58816
1400000US06037120300,56364
1400000US06037120400,67679
1400000US06037121010,76133
1400000US06037121020,67784
1400000US06037121101,67778
1400000US06037121102,81111
1400000US06037121210,77195
1400000US06037121221,90417
1400000US06037121222,79167
1400000US06037121600,95250
1400000US06037121801,50357
1400000US06037121802,96304
1400000US06037121900,57381
1400000US06037122000,96763
1400000US06037122120,67083
1400000US06037122121,57500
1400000US06037122122,47799
1400000US06037122200,74293
1400000US06037122410,65060
1400000US06037122420,76250
1400000US06037123010,50136
1400000US06037123020,83968
1400000US06037123103,87011
1400000US06037123104,71606
1400000US06037123203,41923
1400000US06037123204,67500
1400000US06037123205,60417
1400000US06037123206,53036
1400000US06037123301,69118
1400000US06037123303,72109
1400000US06037123304,46300
1400000US06037123410,45167
1400000US06037123420,56519
1400000US06037123510,51546
1400000US06037123520,59643
1400000US06037123601,87295
1400000US06037123602,69311
1400000US06037123700,93201
1400000US06037123800,92964
1400000US06037123901,56333
1400000US06037123902,86583
1400000US06037124000,82127
1400000US06037124102,76315
1400000US06037124103,70350
1400000US06037124104,53775
1400000US06037124105,66726
1400000US06037124201,73079
1400000US06037124203,79570
1400000US06037124204,52451
1400000US06037124300,69909
1400000US06037124400,86713
1400000US06037124500,77635
1400000US06037124600,100257
1400000US06037124700,110375
1400000US06037124902,62051
1400000US06037124903,78575
1400000US06037125101,81944
1400000US06037125102,164313
1400000US06037125200,85200
1400000US06037125310,58548
1400000US06037125321,61625
1400000US06037125322,47991
1400000US06037125402,88943
1400000US06037125403,85956
1400000US06037125404,79967
1400000US06037125501,60714
1400000US06037125502,84107
1400000US06037125600,110318
1400000US06037127102,61848
1400000US06037127103,56071
1400000US06037127104,64678
1400000US06037127210,64000
1400000US06037127220,46005
1400000US06037127300,81049
1400000US06037127400,63587
1400000US06037127520,52290
1400000US06037127603,58460
1400000US06037127604,47724
1400000US06037127605,71500
1400000US06037127606,66383
1400000US06037127711,93194
1400000US06037127712,64239
1400000US06037127803,70500
1400000US06037127804,68790
1400000US06037127805,65952
1400000US06037127806,81250
1400000US06037127910,68981
1400000US06037127920,71042
1400000US06037128101,82232
1400000US06037128102,57558
1400000US06037128210,44316
1400000US06037128220,60794
1400000US06037128302,57700
1400000US06037128303,43750
1400000US06037128400,132931
1400000US06037128500,121500
1400000US06037128601,71893
1400000US06037128602,87574
1400000US06037128703,101705
1400000US06037128704,127422
1400000US06037128801,83125
1400000US06037128802,96818
1400000US06037128910,108321
1400000US06037131021,60609
1400000US06037131022,65000
1400000US06037131023,74954
1400000US06037131024,97083
1400000US06037131100,107500
1400000US06037131200,130500
1400000US06037131300,93594
1400000US06037131400,101500
1400000US06037131600,84773
1400000US06037131701,76326
1400000US06037131702,70962
1400000US06037131801,60185
1400000US06037131802,96742
1400000US06037131900,135442
1400000US06037132001,116167
1400000US06037132002,106890
1400000US06037132101,71932
1400000US06037132102,74313
1400000US06037132301,60517
1400000US06037132302,108492
1400000US06037132501,91231
1400000US06037132502,61354
1400000US06037132700,81625
1400000US06037132900,102825
1400000US06037133000,100385
1400000US06037133101,109211
1400000US06037133102,60741
1400000US06037134001,90625
1400000US06037134002,72901
1400000US06037134101,92130
1400000US06037134103,78750
1400000US06037134104,72866
1400000US06037134201,99545
1400000US06037134302,124779
1400000US06037134303,109063
1400000US06037134304,75104
1400000US06037134305,55042
1400000US06037134306,53170
1400000US06037134421,145048
1400000US06037134422,168889
1400000US06037134423,134018
1400000US06037134424,153946
1400000US06037134520,55271
1400000US06037134521,53413
1400000US06037134522,56402
1400000US06037134710,54715
1400000US06037134720,103553
1400000US06037134801,94559
1400000US06037134802,80547
1400000US06037134901,82435
1400000US06037134904,98173
1400000US06037134905,101628
1400000US06037134906,86275
1400000US06037134907,92020
1400000US06037135102,154070
1400000US06037135111,101157
1400000US06037135113,112552
1400000US06037135115,100108
1400000US06037135116,58750
1400000US06037135201,127917
1400000US06037135202,133839
1400000US06037135204,128359
1400000US06037135205,117031
1400000US06037137000,125938
1400000US06037137103,85234
1400000US06037137104,107153
1400000US06037137202,69526
1400000US06037137203,149519
1400000US06037137301,188857
1400000US06037137302,176523
1400000US06037137401,146406
1400000US06037137402,143672
1400000US06037137501,98555
1400000US06037137502,144450
1400000US06037137504,208750
1400000US06037138000,139855
1400000US06037139001,113972
1400000US06037139200,96690
1400000US06037139301,162708
1400000US06037139302,82066
1400000US06037139303,67891
1400000US06037139401,81815
1400000US06037139402,159926
1400000US06037139502,126875
1400000US06037139504,59178
1400000US06037139505,44913
1400000US06037139506,58295
1400000US06037139600,90900
1400000US06037139701,183688
1400000US06037139703,240083
1400000US06037139704,136913
1400000US06037139705,"250,000+"
1400000US06037139801,205000
1400000US06037139802,229792
1400000US06037141101,85000
1400000US06037141102,114009
1400000US06037141201,95735
1400000US06037141202,109297
1400000US06037141303,85878
1400000US06037141304,112781
1400000US06037141305,108036
1400000US06037141306,102917
1400000US06037141400,109961
1400000US06037141500,215272
1400000US06037141600,207841
1400000US06037141700,"250,000+"
1400000US06037143101,105254
1400000US06037143102,107647
1400000US06037143200,86250
1400000US06037143301,95234
1400000US06037143302,115875
1400000US06037143401,114750
1400000US06037143402,127083
1400000US06037143500,156825
1400000US06037143602,105542
1400000US06037143603,92663
1400000US06037143605,112716
1400000US06037143606,99750
1400000US06037143700,176534
1400000US06037143801,169097
1400000US06037143802,156439
1400000US06037143901,206509
1400000US06037143902,155045
1400000US06037181000,142943
1400000US06037181300,145125
1400000US06037181400,105968
1400000US06037181500,125602
1400000US06037181600,109688
1400000US06037183101,91853
1400000US06037183103,98633
1400000US06037183104,101563
1400000US06037183220,126000
1400000US06037183221,112574
1400000US06037183222,97361
1400000US06037183300,91638
1400000US06037183401,105701
1400000US06037183402,105000
1400000US06037183510,109250
1400000US06037183520,67048
1400000US06037183610,79955
1400000US06037183620,108256
1400000US06037183701,77865
1400000US06037183702,103026
1400000US06037183810,89137
1400000US06037183820,79543
1400000US06037185101,82521
1400000US06037185102,135506
1400000US06037185202,117667
1400000US06037185203,84485
1400000US06037185204,123500
1400000US06037185310,78438
1400000US06037185320,59309
1400000US06037186100,102429
1400000US06037186201,82055
1400000US06037186202,97083
1400000US06037186203,147833
1400000US06037186301,71518
1400000US06037186302,89880
1400000US06037186401,61250
1400000US06037186403,95875
1400000US06037186404,85417
1400000US06037187101,91417
1400000US06037187102,72760
1400000US06037187200,93521
1400000US06037187300,115000
1400000US06037188100,81283
1400000US06037188201,94063
1400000US06037188202,192140
1400000US06037188300,124728
1400000US06037189101,104003
1400000US06037189102,116402
1400000US06037189201,72625
1400000US06037189202,161354
1400000US06037189300,182614
1400000US06037189400,138444
1400000US06037189501,86563
1400000US06037189502,55202
1400000US06037189600,96755
1400000US06037189702,84286
1400000US06037189703,100903
1400000US06037189704,164233
1400000US06037189801,77386
1400000US06037189802,120694
1400000US06037189903,94250
1400000US06037189904,70094
1400000US06037189905,80000
1400000US06037189906,97104
1400000US06037189907,93470
1400000US06037190101,42458
1400000US06037190102,79491
1400000US06037190201,47477
1400000US06037190202,46848
1400000US06037190302,66894
1400000US06037190303,-
1400000US06037190401,59192
1400000US06037190402,64679
1400000US06037190510,52989
1400000US06037190520,55026
1400000US06037190701,52321
1400000US06037190702,71221
1400000US06037190801,44207
1400000US06037190802,76806
1400000US06037190901,43667
1400000US06037190902,71354
1400000US06037191000,66101
1400000US06037191110,58482
1400000US06037191120,50733
1400000US06037191201,43651
1400000US06037191203,46500
1400000US06037191204,70525
1400000US06037191301,80086
1400000US06037191302,65598
1400000US06037191410,53699
1400000US06037191420,72574
1400000US06037191500,66961
1400000US06037191610,52354
1400000US06037191620,59896
1400000US06037191710,29387
1400000US06037191720,48750
1400000US06037191810,67321
1400000US06037191820,73884
1400000US06037191901,67442
1400000US06037191902,87750
1400000US06037192001,108650
1400000US06037192002,122143
1400000US06037192300,78979
1400000US06037192410,126250
1400000US06037192420,68057
1400000US06037192510,64643
1400000US06037192520,62591
1400000US06037192610,48558
1400000US06037192620,52614
1400000US06037192700,58202
1400000US06037194101,97384
1400000US06037194102,177697
1400000US06037194200,178532
1400000US06037194300,228462
1400000US06037194401,102634
1400000US06037194402,114366
1400000US06037194500,108125
1400000US06037195100,162066
1400000US06037195201,118455
1400000US06037195202,166016
1400000US06037195300,95385
1400000US06037195400,120000
1400000US06037195500,120909
1400000US06037195600,80417
1400000US06037195710,63704
1400000US06037195720,76696
1400000US06037195802,89890
1400000US06037195803,89962
1400000US06037195804,98472
1400000US06037195901,90417
1400000US06037195902,133542
1400000US06037195903,90603
1400000US06037197200,98053
1400000US06037197300,105690
1400000US06037197410,97480
1400000US06037197420,101071
1400000US06037197500,83167
1400000US06037197600,90192
1400000US06037197700,61507
1400000US06037199001,51917
1400000US06037199002,70519
1400000US06037199110,73500
1400000US06037199120,41850
1400000US06037199201,64167
1400000US06037199202,98083
1400000US06037199300,102408
1400000US06037199400,55573
1400000US06037199700,52577
1400000US06037199801,68661
1400000US06037199802,59219
1400000US06037199900,41563
1400000US06037201110,97664
1400000US06037201120,89944
1400000US06037201200,93309
1400000US06037201301,94926
1400000US06037201302,118831
1400000US06037201401,55313
1400000US06037201402,78750
1400000US06037201501,90074
1400000US06037201503,70778
1400000US06037201504,104750
1400000US06037201601,68594
1400000US06037201602,90114
1400000US06037201700,78088
1400000US06037203100,58995
1400000US06037203200,58199
1400000US06037203300,42066
1400000US06037203500,54250
1400000US06037203601,38798
1400000US06037203602,74536
1400000US06037203710,78333
1400000US06037203720,70833
1400000US06037203800,64792
1400000US06037203900,78750
1400000US06037204110,67813
1400000US06037204120,86850
1400000US06037204200,46646
1400000US06037204300,55119
1400000US06037204410,-
1400000US06037204420,56481
1400000US06037204600,52750
1400000US06037204700,75156
1400000US06037204810,56756
1400000US06037204820,64336
1400000US06037204910,49407
1400000US06037204920,70500
1400000US06037205110,52262
1400000US06037205120,28516
1400000US06037206010,60703
1400000US06037206020,148661
1400000US06037206050,48491
1400000US06037206051,156250
1400000US06037206052,107208
1400000US06037206053,43795
1400000US06037206054,43125
1400000US06037206201,53431
1400000US06037206202,22668
1400000US06037206301,13831
1400000US06037206302,7000
1400000US06037206303,11542
1400000US06037207101,71776
1400000US06037207102,60227
1400000US06037207103,41944
1400000US06037207303,33158
1400000US06037207304,13735
1400000US06037207305,64196
1400000US06037207306,48897
1400000US06037207307,-
1400000US06037207308,96098
1400000US06037207400,85455
1400000US06037207501,125833
1400000US06037207502,20202
1400000US06037207711,141364
1400000US06037207712,87687
1400000US06037207901,71726
1400000US06037207902,106304
1400000US06037208001,90564
1400000US06037208002,68105
1400000US06037208301,42548
1400000US06037208302,60660
1400000US06037208401,41620
1400000US06037208402,78594
1400000US06037208501,85313
1400000US06037208502,49543
1400000US06037208610,75761
1400000US06037208620,61947
1400000US06037208710,63914
1400000US06037208720,34791
1400000US06037208801,40588
1400000US06037208802,34750
1400000US06037208902,37759
1400000US06037208903,48308
1400000US06037208904,26640
1400000US06037209103,32550
1400000US06037209104,39000
1400000US06037209105,34092
1400000US06037209106,36411
1400000US06037209201,73599
1400000US06037209202,38443
1400000US06037209300,35446
1400000US06037209401,32361
1400000US06037209402,47783
1400000US06037209403,31806
1400000US06037209510,42639
1400000US06037209520,43266
1400000US06037209810,40574
1400000US06037209820,54722
1400000US06037210010,25293
1400000US06037211000,184034
1400000US06037211121,70167
1400000US06037211122,48830
1400000US06037211123,80568
1400000US06037211124,65000
1400000US06037211201,62237
1400000US06037211202,51627
1400000US06037211310,46966
1400000US06037211320,50000
1400000US06037211410,48952
1400000US06037211420,58835
1400000US06037211500,89688
1400000US06037211701,91196
1400000US06037211703,59840
1400000US06037211704,54931
1400000US06037211802,50995
1400000US06037211803,52370
1400000US06037211804,49242
1400000US06037211910,51895
1400000US06037211921,42071
1400000US06037211922,51803
1400000US06037212101,53208
1400000US06037212102,36830
1400000US06037212202,56719
1400000US06037212203,37869
1400000US06037212204,44083
1400000US06037212303,36758
1400000US06037212304,47500
1400000US06037212305,49400
1400000US06037212306,53158
1400000US06037212410,51265
1400000US06037212420,55106
1400000US06037212501,55625
1400000US06037212502,63500
1400000US06037212610,70495
1400000US06037212620,43862
1400000US06037212701,78370
1400000US06037212702,97619
1400000US06037212800,83125
1400000US06037212900,65577
1400000US06037213100,57783
1400000US06037213201,41987
1400000US06037213202,65956
1400000US06037213310,64405
1400000US06037213320,37120
1400000US06037213401,51875
1400000US06037213402,50139
1400000US06037214000,134167
1400000US06037214100,157188
1400000US06037214400,100792
1400000US06037214501,111875
1400000US06037214503,92431
1400000US06037214504,104435
1400000US06037214505,85147
1400000US06037214600,118477
1400000US06037214700,120462
1400000US06037214800,94229
1400000US06037214902,117614
1400000US06037214903,62583
1400000US06037214904,121439
1400000US06037215101,87731
1400000US06037215102,102191
1400000US06037216100,157917
1400000US06037216201,112798
1400000US06037216202,81875
1400000US06037216301,97282
1400000US06037216302,96477
1400000US06037216401,93229
1400000US06037216402,99213
1400000US06037216700,111645
1400000US06037216800,128059
1400000US06037216901,106579
1400000US06037216902,82986
1400000US06037217001,126250
1400000US06037217002,104095
1400000US06037217101,126250
1400000US06037217102,106587
1400000US06037217200,79338
1400000US06037218110,48264
1400000US06037218120,46586
1400000US06037218210,58326
1400000US06037218220,71964
1400000US06037218300,64234
1400000US06037218400,98281
1400000US06037218500,76481
1400000US06037218600,77554
1400000US06037218701,57705
1400000US06037218702,61856
1400000US06037218800,52667
1400000US06037218900,62128
1400000US06037219010,91518
1400000US06037219020,64180
1400000US06037219300,62188
1400000US06037219500,105625
1400000US06037219700,72685
1400000US06037219800,69536
1400000US06037219901,68544
1400000US06037219902,104890
1400000US06037220000,53500
1400000US06037220100,66821
1400000US06037221110,46234
1400000US06037221120,47368
1400000US06037221210,68388
1400000US06037221220,52431
1400000US06037221302,37285
1400000US06037221303,52560
1400000US06037221304,54620
1400000US06037221401,54196
1400000US06037221402,52313
1400000US06037221500,41908
1400000US06037221601,58125
1400000US06037221602,51821
1400000US06037221710,49848
1400000US06037221810,31815
1400000US06037221820,26236
1400000US06037221900,26421
1400000US06037222001,72269
1400000US06037222002,70127
1400000US06037222100,63458
1400000US06037222200,59907
1400000US06037222500,72316
1400000US06037222600,52054
1400000US06037222700,51250
1400000US06037224010,37647
1400000US06037224020,30647
1400000US06037224200,54032
1400000US06037224310,62632
1400000US06037224320,35375
1400000US06037224410,33214
1400000US06037224420,25725
1400000US06037224600,51765
1400000US06037224701,38098
1400000US06037224702,11270
1400000US06037226001,34318
1400000US06037226002,51917
1400000US06037226410,41563
1400000US06037226420,45840
1400000US06037226701,51667
1400000US06037226702,66732
1400000US06037227010,50410
1400000US06037227020,70575
1400000US06037228100,49291
1400000US06037228210,47500
1400000US06037228220,47269
1400000US06037228310,43676
1400000US06037228320,54375
1400000US06037228410,49153
1400000US06037228420,78750
1400000US06037228500,43194
1400000US06037228600,52083
1400000US06037228710,69333
1400000US06037228720,58680
1400000US06037228800,56282
1400000US06037228900,36923
1400000US06037229100,58906
1400000US06037229200,48140
1400000US06037229300,57013
1400000US06037229410,62907
1400000US06037229420,61528
1400000US06037231100,46806
1400000US06037231210,45560
1400000US06037231220,35319
1400000US06037231301,54464
1400000US06037231302,59003
1400000US06037231400,54872
1400000US06037231500,90375
1400000US06037231601,78777
1400000US06037231602,75588
1400000US06037231603,64423
1400000US06037231710,43750
1400000US06037231720,47589
1400000US06037231800,56623
1400000US06037231901,88702
1400000US06037231902,34279
1400000US06037232110,56989
1400000US06037232120,57226
1400000US06037232200,72742
1400000US06037232300,80644
1400000US06037232401,65125
1400000US06037232402,53821
1400000US06037232500,71045
1400000US06037232601,60962
1400000US06037232602,71799
1400000US06037232701,78438
1400000US06037232702,70263
1400000US06037232800,55625
1400000US06037234001,84271
1400000US06037234002,70299
1400000US06037234200,84194
1400000US06037234301,37255
1400000US06037234302,46773
1400000US06037234501,76250
1400000US06037234502,28578
1400000US06037234600,67882
1400000US06037234700,90893
1400000US06037234800,71397
1400000US06037234901,46939
1400000US06037234902,28415
1400000US06037235100,95958
1400000US06037235201,63662
1400000US06037235202,32475
1400000US06037236001,126029
1400000US06037236101,38606
1400000US06037236102,60057
1400000US06037236203,33526
1400000US06037236204,48145
1400000US06037236205,32115
1400000US06037236206,64259
1400000US06037236400,106107
1400000US06037237101,57708
1400000US06037237102,49063
1400000US06037237201,60714
1400000US06037237202,50904
1400000US06037237300,91250
1400000US06037237401,70357
1400000US06037237402,81806
1400000US06037237500,41087
1400000US06037237600,49799
1400000US06037237710,46909
1400000US06037237720,52143
1400000US06037237800,57188
1400000US06037237900,61811
1400000US06037238000,60625
1400000US06037238100,66230
1400000US06037238200,49351
1400000US06037238310,57163
1400000US06037238320,27895
1400000US06037238400,74250
1400000US06037239201,46327
1400000US06037239202,52434
1400000US06037239310,52606
1400000US06037239320,53542
1400000US06037239330,64615
1400000US06037239501,62174
1400000US06037239502,60350
1400000US06037239601,60139
1400000US06037239602,52679
1400000US06037239701,36131
1400000US06037239702,70034
1400000US06037239801,67724
1400000US06037239802,55924
1400000US06037240010,37292
1400000US06037240020,58030
1400000US06037240200,52428
1400000US06037240301,60703
1400000US06037240302,47578
1400000US06037240401,39280
1400000US06037240402,72813
1400000US06037240500,60982
1400000US06037240600,62796
1400000US06037240700,59107
1400000US06037240800,65852
1400000US06037240901,47837
1400000US06037240902,44107
1400000US06037241001,90517
1400000US06037241002,60938
1400000US06037241110,72717
1400000US06037241120,43173
1400000US06037241201,60122
1400000US06037241202,49036
1400000US06037241300,55208
1400000US06037241400,73583
1400000US06037242000,51840
1400000US06037242100,29935
1400000US06037242201,62745
1400000US06037242202,44355
1400000US06037242300,53062
1400000US06037242600,19955
1400000US06037242700,51170
1400000US06037243001,72583
1400000US06037243002,78029
1400000US06037243100,31765
1400000US06037261102,"250,000+"
1400000US06037261103,230602
1400000US06037261104,186765
1400000US06037261200,194917
1400000US06037262100,238250
1400000US06037262200,192588
1400000US06037262301,"250,000+"
1400000US06037262302,191316
1400000US06037262303,244450
1400000US06037262400,"250,000+"
1400000US06037262501,"250,000+"
1400000US06037262601,"250,000+"
1400000US06037262604,159079
1400000US06037262704,159219
1400000US06037262706,163643
1400000US06037262802,159353
1400000US06037264000,205227
1400000US06037264102,167188
1400000US06037264103,151563
1400000US06037264303,152944
1400000US06037264304,125320
1400000US06037264305,130656
1400000US06037264306,127781
1400000US06037265100,116016
1400000US06037265201,148517
1400000US06037265203,146146
1400000US06037265204,117829
1400000US06037265301,-
1400000US06037265303,33798
1400000US06037265304,18366
1400000US06037265306,31757
1400000US06037265307,27152
1400000US06037265410,212625
1400000US06037265420,"250,000+"
1400000US06037265521,83866
1400000US06037265522,99141
1400000US06037265523,74226
1400000US06037265524,118005
1400000US06037265601,101389
1400000US06037265602,98272
1400000US06037265701,152250
1400000US06037265702,100547
1400000US06037267101,125703
1400000US06037267102,136677
1400000US06037267201,109722
1400000US06037267202,117933
1400000US06037267300,139609
1400000US06037267403,93094
1400000US06037267404,78606
1400000US06037267405,104344
1400000US06037267406,91008
1400000US06037267502,89408
1400000US06037267503,136038
1400000US06037267504,99485
1400000US06037267600,82500
1400000US06037267700,127722
1400000US06037267800,117738
1400000US06037267901,135533
1400000US06037267902,146534
1400000US06037269000,177750
1400000US06037269100,95484
1400000US06037269300,230893
1400000US06037269500,"250,000+"
1400000US06037269601,53185
1400000US06037269602,91212
1400000US06037269700,122237
1400000US06037269800,112708
1400000US06037269903,92861
1400000US06037269905,109186
1400000US06037269906,123720
1400000US06037269907,98229
1400000US06037269908,83562
1400000US06037269909,102508
1400000US06037270101,106429
1400000US06037270102,112131
1400000US06037270200,80563
1400000US06037270300,68709
1400000US06037271100,106618
1400000US06037271200,119836
1400000US06037271300,104231
1400000US06037271400,172500
1400000US06037271500,101897
1400000US06037271600,115456
1400000US06037271702,84515
1400000US06037271703,130559
1400000US06037271704,153750
1400000US06037271801,74506
1400000US06037271803,97629
1400000US06037271804,97434
1400000US06037271901,119561
1400000US06037271902,102510
1400000US06037272100,128125
1400000US06037272201,95446
1400000US06037272202,100189
1400000US06037272301,125618
1400000US06037272302,76498
1400000US06037273100,171005
1400000US06037273200,134067
1400000US06037273300,91875
1400000US06037273403,111364
1400000US06037273404,84449
1400000US06037273502,107162
1400000US06037273600,121875
1400000US06037273700,135766
1400000US06037273800,97155
1400000US06037273902,155281
1400000US06037274100,104643
1400000US06037274202,119728
1400000US06037275101,134519
1400000US06037275102,100286
1400000US06037275200,103846
1400000US06037275311,94403
1400000US06037275312,177963
1400000US06037275313,118257
1400000US06037275400,141780
1400000US06037275500,60750
1400000US06037275603,127727
1400000US06037275604,180246
1400000US06037275605,116024
1400000US06037276000,157366
1400000US06037276101,111085
1400000US06037276102,86250
1400000US06037276400,233009
1400000US06037276500,156853
1400000US06037276601,168011
1400000US06037276605,110714
1400000US06037276606,123341
1400000US06037276607,94491
1400000US06037276608,96685
1400000US06037277000,173750
1400000US06037277100,161875
1400000US06037277200,60719
1400000US06037277400,-
1400000US06037278001,96429
1400000US06037278102,172153
1400000US06037291110,46536
1400000US06037291120,73167
1400000US06037291130,85938
1400000US06037291210,65156
1400000US06037291220,75324
1400000US06037291300,100682
1400000US06037292001,51747
1400000US06037292002,114239
1400000US06037293203,81067
1400000US06037293204,108385
1400000US06037293205,58101
1400000US06037293206,74231
1400000US06037293301,103375
1400000US06037293302,107107
1400000US06037293304,63518
1400000US06037293306,116979
1400000US06037293307,64183
1400000US06037294110,86194
1400000US06037294120,75096
1400000US06037294200,76936
1400000US06037294301,99549
1400000US06037294302,86667
1400000US06037294410,69000
1400000US06037294421,64722
1400000US06037294510,63688
1400000US06037294520,56524
1400000US06037294610,77837
1400000US06037294620,78333
1400000US06037294701,37844
1400000US06037294810,52315
1400000US06037294820,33526
1400000US06037294830,64063
1400000US06037294900,38676
1400000US06037295103,120089
1400000US06037296210,62600
1400000US06037296220,42389
1400000US06037296300,82349
1400000US06037296401,114514
1400000US06037296402,137083
1400000US06037296500,69792
1400000US06037296600,47852
1400000US06037296901,62668
1400000US06037296902,63563
1400000US06037297001,178333
1400000US06037297002,107260
1400000US06037297110,51659
1400000US06037297120,74583
1400000US06037297201,67303
1400000US06037297202,87378
1400000US06037297300,108261
1400000US06037297400,126192
1400000US06037297501,160179
1400000US06037297502,98125
1400000US06037297601,94432
1400000US06037297602,89375
1400000US06037300100,166716
1400000US06037300200,140417
1400000US06037300301,130262
1400000US06037300400,130799
1400000US06037300501,106333
1400000US06037300503,59821
1400000US06037300601,98457
1400000US06037300602,127583
1400000US06037300701,138631
1400000US06037300702,146541
1400000US06037300800,113509
1400000US06037300901,160425
1400000US06037300902,154722
1400000US06037301000,118843
1400000US06037301100,84249
1400000US06037301203,81800
1400000US06037301204,65665
1400000US06037301205,108571
1400000US06037301206,83932
1400000US06037301300,191750
1400000US06037301400,126442
1400000US06037301501,118125
1400000US06037301502,71016
1400000US06037301601,40617
1400000US06037301602,77813
1400000US06037301701,100438
1400000US06037301702,81173
1400000US06037301801,67145
1400000US06037301802,84265
1400000US06037301901,82898
1400000US06037301902,97344
1400000US06037302002,56510
1400000US06037302003,61250
1400000US06037302004,59250
1400000US06037302102,110893
1400000US06037302103,58611
1400000US06037302104,81490
1400000US06037302201,35109
1400000US06037302202,48917
1400000US06037302301,93203
1400000US06037302302,60234
1400000US06037302401,72005
1400000US06037302503,48378
1400000US06037302504,43924
1400000US06037302505,70903
1400000US06037302506,76208
1400000US06037310100,169705
1400000US06037310201,101677
1400000US06037310202,104844
1400000US06037310300,137955
1400000US06037310400,110197
1400000US06037310501,73324
1400000US06037310601,85091
1400000US06037310602,94186
1400000US06037310701,25664
1400000US06037310703,74107
1400000US06037310704,60849
1400000US06037310705,46146
1400000US06037310800,98478
1400000US06037310900,112883
1400000US06037311000,114516
1400000US06037311100,99472
1400000US06037311200,88750
1400000US06037311300,115776
1400000US06037311400,136354
1400000US06037311500,131071
1400000US06037311601,105095
1400000US06037311602,84535
1400000US06037311700,115000
1400000US06037311801,85682
1400000US06037311802,103321
1400000US06037320101,110967
1400000US06037320102,87039
1400000US06037320201,72569
1400000US06037320202,109750
1400000US06037320300,73080
1400000US06037400205,199583
1400000US06037400206,179474
1400000US06037400207,143000
1400000US06037400208,154238
1400000US06037400209,147500
1400000US06037400304,90078
1400000US06037400402,147670
1400000US06037400403,141667
1400000US06037400404,180757
1400000US06037400501,122083
1400000US06037400602,85369
1400000US06037400603,96845
1400000US06037400605,98850
1400000US06037400801,124401
1400000US06037401001,130764
1400000US06037401002,87634
1400000US06037401101,80161
1400000US06037401102,99773
1400000US06037401201,139450
1400000US06037401202,107750
1400000US06037401203,106592
1400000US06037401303,136019
1400000US06037401304,134516
1400000US06037401311,93036
1400000US06037401312,71667
1400000US06037401500,92708
1400000US06037401601,98786
1400000US06037401602,79740
1400000US06037401705,135339
1400000US06037401706,92353
1400000US06037401707,73250
1400000US06037401801,158189
1400000US06037401802,133676
1400000US06037401901,86429
1400000US06037401902,101723
1400000US06037402001,76136
1400000US06037402002,84940
1400000US06037402101,102162
1400000US06037402102,103006
1400000US06037402200,93393
1400000US06037402301,92578
1400000US06037402303,68389
1400000US06037402304,46199
1400000US06037402403,88099
1400000US06037402404,-
1400000US06037402405,96500
1400000US06037402406,84750
1400000US06037402501,57206
1400000US06037402503,66500
1400000US06037402504,34679
1400000US06037402601,77125
1400000US06037402602,66382
1400000US06037402702,52484
1400000US06037402703,90486
1400000US06037402705,103401
1400000US06037402706,104500
1400000US06037402801,76034
1400000US06037402803,76467
1400000US06037402804,59988
1400000US06037402902,75119
1400000US06037402903,61285
1400000US06037402904,86974
1400000US06037403000,95403
1400000US06037403305,124432
1400000US06037403316,92926
1400000US06037403317,112697
1400000US06037403318,119620
1400000US06037403319,82554
1400000US06037403320,156250
1400000US06037403321,99409
1400000US06037403323,90306
1400000US06037403324,102025
1400000US06037403325,115461
1400000US06037403326,136875
1400000US06037403327,131563
1400000US06037403328,102853
1400000US06037403401,120027
1400000US06037403402,109333
1400000US06037403403,151094
1400000US06037403404,141591
1400000US06037403407,161667
1400000US06037403408,137936
1400000US06037403409,125078
1400000US06037403500,120341
1400000US06037403601,115858
1400000US06037403702,120391
1400000US06037403703,122628
1400000US06037403721,89435
1400000US06037403722,70665
1400000US06037403801,90250
1400000US06037403802,89030
1400000US06037403901,118523
1400000US06037403902,84301
1400000US06037404000,112830
1400000US06037404100,81602
1400000US06037404201,71346
1400000US06037404203,85250
1400000US06037404301,83625
1400000US06037404302,86063
1400000US06037404401,79931
1400000US06037404402,96392
1400000US06037404501,63958
1400000US06037404503,101188
1400000US06037404504,75439
1400000US06037404600,113250
1400000US06037404701,95143
1400000US06037404702,78786
1400000US06037404703,91083
1400000US06037404804,80640
1400000US06037404805,65708
1400000US06037404806,75237
1400000US06037404901,107276
1400000US06037404902,81161
1400000US06037404903,82847
1400000US06037405001,79851
1400000US06037405002,73958
1400000US06037405101,80585
1400000US06037405102,70972
1400000US06037405201,68214
1400000US06037405202,67022
1400000US06037405203,87692
1400000US06037405301,76314
1400000US06037405302,95956
1400000US06037405400,111121
1400000US06037405500,92382
1400000US06037405600,91838
1400000US06037405701,88023
1400000US06037405702,87959
1400000US06037405800,97896
1400000US06037405900,80357
1400000US06037406000,107958
1400000US06037406101,83636
1400000US06037406103,90614
1400000US06037406201,54471
1400000US06037406300,101565
1400000US06037406413,102278
1400000US06037406500,99901
1400000US06037406601,123268
1400000US06037406602,105350
1400000US06037406701,95400
1400000US06037406702,91646
1400000US06037406801,108894
1400000US06037406903,80827
1400000US06037407001,89844
1400000US06037407002,105508
1400000US06037407101,66250
1400000US06037407102,90927
1400000US06037407201,87279
1400000US06037407202,90682
1400000US06037407301,79153
1400000US06037407302,86154
1400000US06037407400,126458
1400000US06037407501,77931
1400000US06037407502,110625
1400000US06037407601,93031
1400000US06037407602,104597
1400000US06037407701,72050
1400000US06037407702,102607
1400000US06037407801,100500
1400000US06037407802,121194
1400000US06037407901,104375
1400000US06037407902,85450
1400000US06037408003,103472
1400000US06037408004,91020
1400000US06037408005,128260
1400000US06037408006,91875
1400000US06037408133,98841
1400000US06037408134,111667
1400000US06037408135,87023
1400000US06037408136,122813
1400000US06037408137,90385
1400000US06037408138,90764
1400000US06037408139,104861
1400000US06037408140,74663
1400000US06037408141,98824
1400000US06037408212,74425
1400000US06037408213,74028
1400000US06037408301,82978
1400000US06037408302,79412
1400000US06037408303,121250
1400000US06037408401,98578
1400000US06037408402,105789
1400000US06037408503,131838
1400000US06037408504,102222
1400000US06037408505,109787
1400000US06037408623,100900
1400000US06037408624,123438
1400000US06037408625,125417
1400000US06037408626,98346
1400000US06037408627,97434
1400000US06037408628,87361
1400000US06037408629,131250
1400000US06037408631,99609
1400000US06037408703,134545
1400000US06037408705,70000
1400000US06037408707,130313
1400000US06037408722,124565
1400000US06037408724,69883
1400000US06037408725,77860
1400000US06037408800,53045
1400000US06037408900,75625
1400000US06037409000,76875
1400000US06037409100,95795
1400000US06037430003,135250
1400000US06037430004,96397
1400000US06037430005,122595
1400000US06037430101,60583
1400000US06037430102,97844
1400000US06037430200,127730
1400000US06037430301,151530
1400000US06037430302,94058
1400000US06037430400,191685
1400000US06037430501,186213
1400000US06037430502,114815
1400000US06037430600,190070
1400000US06037430701,109702
1400000US06037430721,98333
1400000US06037430723,90868
1400000US06037430724,102969
1400000US06037430801,92697
1400000US06037430802,152564
1400000US06037430803,119265
1400000US06037430901,84671
1400000US06037430902,105435
1400000US06037431002,76316
1400000US06037431003,86383
1400000US06037431004,94484
1400000US06037431100,97326
1400000US06037431200,104412
1400000US06037431300,110769
1400000US06037431400,86538
1400000US06037431501,65917
1400000US06037431502,101792
1400000US06037431600,107446
1400000US06037431701,117138
1400000US06037431800,88348
1400000US06037431900,101875
1400000US06037432001,94071
1400000US06037432002,90991
1400000US06037432101,130142
1400000US06037432102,112302
1400000US06037432201,115648
1400000US06037432202,81528
1400000US06037432300,91250
1400000US06037432401,79140
1400000US06037432402,61563
1400000US06037432501,76250
1400000US06037432502,114688
1400000US06037432601,61775
1400000US06037432602,71875
1400000US06037432700,67560
1400000US06037432801,36964
1400000US06037432802,59861
1400000US06037432901,62618
1400000US06037432902,80486
1400000US06037433103,67664
1400000US06037433200,64655
1400000US06037433302,61210
1400000US06037433304,38969
1400000US06037433305,55417
1400000US06037433306,64226
1400000US06037433307,86058
1400000US06037433402,68029
1400000US06037433403,54708
1400000US06037433505,65865
1400000US06037433506,47230
1400000US06037433601,73314
1400000US06037433602,42465
1400000US06037433803,85517
1400000US06037433804,65213
1400000US06037433901,69348
1400000US06037433903,53681
1400000US06037434001,82213
1400000US06037434003,69507
1400000US06037434004,105663
1400000US06037434100,77992
1400000US06037460001,249861
1400000US06037460002,189491
1400000US06037460101,177364
1400000US06037460200,153750
1400000US06037460301,156250
1400000US06037460302,92009
1400000US06037460401,124167
1400000US06037460501,229276
1400000US06037460502,"250,000+"
1400000US06037460601,208533
1400000US06037460700,196471
1400000US06037460800,"250,000+"
1400000US06037460900,93083
1400000US06037461000,125302
1400000US06037461100,119375
1400000US06037461200,172917
1400000US06037461300,93264
1400000US06037461400,97014
1400000US06037461501,96313
1400000US06037461502,72887
1400000US06037461600,77986
1400000US06037461700,126250
1400000US06037461901,64583
1400000US06037461902,66786
1400000US06037462001,90776
1400000US06037462002,42101
1400000US06037462100,93534
1400000US06037462201,48667
1400000US06037462202,103618
1400000US06037462301,89018
1400000US06037462302,74679
1400000US06037462400,147727
1400000US06037462500,126488
1400000US06037462600,138500
1400000US06037462700,66648
1400000US06037462800,108654
1400000US06037462900,121176
1400000US06037463000,120845
1400000US06037463103,105714
1400000US06037463200,93073
1400000US06037463300,138542
1400000US06037463400,126225
1400000US06037463500,99963
1400000US06037463601,98457
1400000US06037463602,122500
1400000US06037463700,175230
1400000US06037463800,220750
1400000US06037463900,131630
1400000US06037464000,147632
1400000US06037464101,182206
1400000US06037464102,212014
1400000US06037464200,176389
1400000US06037480002,144219
1400000US06037480011,99243
1400000US06037480012,104097
1400000US06037480101,91875
1400000US06037480102,114743
1400000US06037480201,144000
1400000US06037480202,128000
1400000US06037480302,106607
1400000US06037480303,94497
1400000US06037480304,76780
1400000US06037480400,90580
1400000US06037480500,119167
1400000US06037480601,129500
1400000US06037480602,120188
1400000US06037480702,167452
1400000US06037480703,178200
1400000US06037480704,115415
1400000US06037480802,106447
1400000US06037480803,102619
1400000US06037480804,87530
1400000US06037480901,73211
1400000US06037480902,64732
1400000US06037480903,86667
1400000US06037481001,71339
1400000US06037481002,84098
1400000US06037481101,98047
1400000US06037481102,81442
1400000US06037481103,76930
1400000US06037481201,91042
1400000US06037481203,79504
1400000US06037481300,75549
1400000US06037481401,83512
1400000US06037481403,79612
1400000US06037481404,74183
1400000US06037481500,78479
1400000US06037481603,81974
1400000US06037481604,79609
1400000US06037481605,88542
1400000US06037481606,73344
1400000US06037481711,55797
1400000US06037481712,44688
1400000US06037481713,60600
1400000US06037481714,42713
1400000US06037481800,126875
1400000US06037481901,119110
1400000US06037481902,83963
1400000US06037482001,126083
1400000US06037482002,105272
1400000US06037482101,85905
1400000US06037482102,107664
1400000US06037482201,59922
1400000US06037482202,67712
1400000US06037482301,81389
1400000US06037482303,67000
1400000US06037482304,57200
1400000US06037482401,68750
1400000US06037482403,47125
1400000US06037482404,71000
1400000US06037482502,73125
1400000US06037482503,80933
1400000US06037482521,80000
1400000US06037482522,85417
1400000US06037482600,104503
1400000US06037482701,73750
1400000US06037482702,97379
1400000US06037482801,87182
1400000US06037500100,213897
1400000US06037500202,142868
1400000US06037500203,141955
1400000US06037500204,158207
1400000US06037500300,120694
1400000US06037500402,66940
1400000US06037500403,86134
1400000US06037500404,102880
1400000US06037500500,70585
1400000US06037500600,100375
1400000US06037500700,90761
1400000US06037500800,114310
1400000US06037500900,54531
1400000US06037501001,106500
1400000US06037501002,113222
1400000US06037501200,94032
1400000US06037501301,89432
1400000US06037501302,101000
1400000US06037501400,89500
1400000US06037501501,132857
1400000US06037501503,83831
1400000US06037501504,50685
1400000US06037501600,112614
1400000US06037501700,121042
1400000US06037501802,91742
1400000US06037501803,61890
1400000US06037501804,61438
1400000US06037501900,101042
1400000US06037502003,78370
1400000US06037502004,72344
1400000US06037502005,91617
1400000US06037502100,88021
1400000US06037502200,112851
1400000US06037502303,67126
1400000US06037502401,84511
1400000US06037502402,91856
1400000US06037502500,91563
1400000US06037502602,77832
1400000US06037502603,123885
1400000US06037502604,110250
1400000US06037502700,91673
1400000US06037502801,100074
1400000US06037502901,123143
1400000US06037503000,105278
1400000US06037503103,108475
1400000US06037503104,83750
1400000US06037503105,120890
1400000US06037503106,86568
1400000US06037503201,101750
1400000US06037503202,93482
1400000US06037503301,125568
1400000US06037503302,89500
1400000US06037503401,105712
1400000US06037503402,98016
1400000US06037503501,101520
1400000US06037503502,91981
1400000US06037503601,104940
1400000US06037503602,144191
1400000US06037503701,102043
1400000US06037503702,113173
1400000US06037503704,66162
1400000US06037503705,113169
1400000US06037503801,102813
1400000US06037503802,105732
1400000US06037503901,142500
1400000US06037503902,124821
1400000US06037504001,-
1400000US06037504002,134786
1400000US06037504101,90341
1400000US06037504200,73338
1400000US06037530005,127417
1400000US06037530006,87237
1400000US06037530007,76780
1400000US06037530101,42972
1400000US06037530102,54674
1400000US06037530202,114550
1400000US06037530203,52226
1400000US06037530204,67500
1400000US06037530301,64071
1400000US06037530302,69522
1400000US06037530400,40889
1400000US06037530500,70307
1400000US06037530603,89718
1400000US06037530700,90685
1400000US06037530801,87478
1400000US06037530802,74271
1400000US06037530901,67700
1400000US06037530902,41205
1400000US06037531000,82531
1400000US06037531101,72727
1400000US06037531102,50900
1400000US06037531201,75183
1400000US06037531202,53875
1400000US06037531301,64259
1400000US06037531302,59555
1400000US06037531502,52083
1400000US06037531503,71938
1400000US06037531504,63163
1400000US06037531602,64839
1400000US06037531603,68721
1400000US06037531604,57411
1400000US06037531701,69697
1400000US06037531702,79722
1400000US06037531800,86369
1400000US06037531901,65333
1400000US06037531902,76694
1400000US06037532001,64198
1400000US06037532002,81516
1400000US06037532101,59203
1400000US06037532102,113977
1400000US06037532200,77926
1400000US06037532302,67736
1400000US06037532303,77938
1400000US06037532304,66176
1400000US06037532500,57586
1400000US06037532605,54006
1400000US06037532606,49154
1400000US06037532607,52778
1400000US06037532700,60743
1400000US06037532800,48952
1400000US06037532900,42704
1400000US06037533001,75236
1400000US06037533002,55625
1400000US06037533103,52963
1400000US06037533104,44131
1400000US06037533105,50658
1400000US06037533108,56473
1400000US06037533201,67632
1400000US06037533204,69063
1400000US06037533300,51667
1400000US06037533401,60737
1400000US06037533402,59886
1400000US06037533403,68697
1400000US06037533501,74286
1400000US06037533504,62917
1400000US06037533601,66964
1400000US06037533602,59846
1400000US06037533603,50036
1400000US06037533701,57169
1400000US06037533702,70643
1400000US06037533703,59886
1400000US06037533803,48000
1400000US06037533804,72852
1400000US06037533805,60504
1400000US06037533806,70370
1400000US06037533901,53919
1400000US06037533902,57803
1400000US06037534001,64886
1400000US06037534002,80500
1400000US06037534101,54107
1400000US06037534102,48229
1400000US06037534201,54766
1400000US06037534202,49656
1400000US06037534203,48545
1400000US06037534301,44792
1400000US06037534302,62500
1400000US06037534403,52139
1400000US06037534404,54063
1400000US06037534405,54523
1400000US06037534406,50653
1400000US06037534501,62083
1400000US06037534502,76302
1400000US06037534700,87756
1400000US06037534802,70203
1400000US06037534803,80440
1400000US06037534804,75172
1400000US06037534900,80441
1400000US06037535001,57241
1400000US06037535002,49621
1400000US06037535101,66287
1400000US06037535102,65873
1400000US06037535200,74167
1400000US06037535300,59267
1400000US06037535400,57000
1400000US06037535501,56625
1400000US06037535502,74350
1400000US06037535503,74583
1400000US06037535603,62930
1400000US06037535604,71445
1400000US06037535605,70108
1400000US06037535606,64567
1400000US06037535607,71398
1400000US06037535701,73843
1400000US06037535702,70506
1400000US06037535802,94583
1400000US06037535803,60599
1400000US06037535804,69025
1400000US06037535901,59514
1400000US06037535902,86659
1400000US06037536000,47115
1400000US06037536102,77733
1400000US06037536103,70954
1400000US06037536104,69338
1400000US06037536201,81346
1400000US06037536202,73625
1400000US06037540000,60477
1400000US06037540101,88668
1400000US06037540102,102850
1400000US06037540201,51500
1400000US06037540202,60472
1400000US06037540203,63831
1400000US06037540300,71875
1400000US06037540400,82500
1400000US06037540501,72476
1400000US06037540502,57724
1400000US06037540600,31013
1400000US06037540700,73676
1400000US06037540800,75219
1400000US06037540901,71450
1400000US06037540902,95904
1400000US06037541003,79940
1400000US06037541100,91282
1400000US06037541200,86184
1400000US06037541300,94053
1400000US06037541401,66993
1400000US06037541402,78024
1400000US06037541500,60000
1400000US06037541603,69297
1400000US06037541604,53218
1400000US06037541605,63179
1400000US06037541606,42112
1400000US06037541700,91625
1400000US06037541801,69821
1400000US06037541802,72435
1400000US06037542000,98406
1400000US06037542103,72760
1400000US06037542104,71283
1400000US06037542105,63184
1400000US06037542106,52708
1400000US06037542200,71923
1400000US06037542401,65357
1400000US06037542402,87750
1400000US06037542501,83305
1400000US06037542502,61981
1400000US06037542601,67112
1400000US06037542602,62250
1400000US06037542700,79864
1400000US06037542800,69719
1400000US06037542900,81892
1400000US06037543000,87865
1400000US06037543100,82000
1400000US06037543201,94773
1400000US06037543203,43531
1400000US06037543304,108468
1400000US06037543305,94117
1400000US06037543306,100993
1400000US06037543321,118295
1400000US06037543322,127614
1400000US06037543400,100667
1400000US06037543501,105518
1400000US06037543502,117260
1400000US06037543503,94362
1400000US06037543601,109811
1400000US06037543603,81919
1400000US06037543605,103034
1400000US06037543606,80432
1400000US06037543607,117016
1400000US06037543701,140000
1400000US06037543703,119980
1400000US06037543704,101204
1400000US06037543705,101971
1400000US06037543801,102472
1400000US06037543803,93205
1400000US06037543804,121743
1400000US06037543903,128125
1400000US06037543905,82790
1400000US06037544001,92135
1400000US06037544002,110179
1400000US06037550101,115443
1400000US06037550201,86642
1400000US06037550202,110865
1400000US06037550301,101938
1400000US06037550501,76406
1400000US06037550502,130399
1400000US06037550601,100430
1400000US06037550602,113750
1400000US06037550700,134511
1400000US06037550801,96790
1400000US06037550802,77241
1400000US06037550901,88036
1400000US06037550902,88026
1400000US06037551001,82198
1400000US06037551002,104280
1400000US06037551101,62361
1400000US06037551102,59242
1400000US06037551201,66971
1400000US06037551203,97857
1400000US06037551204,69350
1400000US06037551300,68468
1400000US06037551401,85938
1400000US06037551402,81724
1400000US06037551501,108278
1400000US06037551502,88031
1400000US06037551700,91107
1400000US06037551801,103396
1400000US06037551802,76777
1400000US06037551900,97184
1400000US06037552001,91188
1400000US06037552002,100954
1400000US06037552100,76141
1400000US06037552200,65389
1400000US06037552301,98780
1400000US06037552302,78690
1400000US06037552400,75694
1400000US06037552601,93750
1400000US06037552602,112218
1400000US06037552700,109088
1400000US06037552800,119471
1400000US06037552900,85938
1400000US06037553000,143750
1400000US06037553100,103086
1400000US06037553201,98587
1400000US06037553202,99950
1400000US06037553300,100256
1400000US06037553400,103553
1400000US06037553502,76700
1400000US06037553503,59811
1400000US06037553504,77685
1400000US06037553601,60900
1400000US06037553602,75972
1400000US06037553701,70833
1400000US06037553702,66395
1400000US06037553801,65037
1400000US06037553802,59201
1400000US06037553901,87247
1400000US06037553902,71053
1400000US06037554001,86757
1400000US06037554002,69658
1400000US06037554101,72250
1400000US06037554105,47206
1400000US06037554106,89770
1400000US06037554201,100833
1400000US06037554203,60388
1400000US06037554204,44007
1400000US06037554301,87524
1400000US06037554302,79054
1400000US06037554403,75887
1400000US06037554404,80767
1400000US06037554405,45944
1400000US06037554406,87091
1400000US06037554511,147794
1400000US06037554512,173063
1400000US06037554513,125417
1400000US06037554514,144284
1400000US06037554515,105568
1400000US06037554516,163235
1400000US06037554517,142688
1400000US06037554518,119211
1400000US06037554519,113633
1400000US06037554521,121313
1400000US06037554522,130388
1400000US06037554600,94922
1400000US06037554700,108533
1400000US06037554801,109375
1400000US06037554802,107270
1400000US06037554900,88398
1400000US06037555001,90733
1400000US06037555002,87500
1400000US06037555105,108085
1400000US06037555106,74185
1400000US06037555107,92212
1400000US06037555202,149125
1400000US06037555211,76644
1400000US06037555212,76094
1400000US06037555300,117708
1400000US06037570001,132875
1400000US06037570002,116357
1400000US06037570003,119402
1400000US06037570100,103227
1400000US06037570202,83333
1400000US06037570203,53707
1400000US06037570204,68971
1400000US06037570303,62860
1400000US06037570304,55396
1400000US06037570305,58333
1400000US06037570306,108500
1400000US06037570402,89808
1400000US06037570403,69456
1400000US06037570404,77861
1400000US06037570502,99038
1400000US06037570503,86379
1400000US06037570504,89348
1400000US06037570601,79948
1400000US06037570602,76923
1400000US06037570603,47656
1400000US06037570701,101333
1400000US06037570703,125938
1400000US06037570800,122357
1400000US06037570901,120469
1400000US06037570902,133056
1400000US06037571000,140478
1400000US06037571101,119028
1400000US06037571102,136968
1400000US06037571201,152955
1400000US06037571202,90881
1400000US06037571300,134200
1400000US06037571400,117951
1400000US06037571502,101629
1400000US06037571504,86333
1400000US06037571505,93720
1400000US06037571600,28590
1400000US06037571701,77668
1400000US06037571703,-
1400000US06037571704,58649
1400000US06037571800,123750
1400000US06037571900,128289
1400000US06037572001,103578
1400000US06037572201,77353
1400000US06037572202,117270
1400000US06037572301,90972
1400000US06037572500,50819
1400000US06037572600,118152
1400000US06037572700,88194
1400000US06037573002,59560
1400000US06037573003,107083
1400000US06037573004,58168
1400000US06037573101,70795
1400000US06037573102,112054
1400000US06037573201,54132
1400000US06037573202,78771
1400000US06037573300,51467
1400000US06037573401,75469
1400000US06037573402,81131
1400000US06037573403,136438
1400000US06037573601,128856
1400000US06037573700,143117
1400000US06037573800,115250
1400000US06037573902,166019
1400000US06037574000,140160
1400000US06037574100,136964
1400000US06037574201,143147
1400000US06037574202,120417
1400000US06037574300,120594
1400000US06037574400,132953
1400000US06037574500,122101
1400000US06037574602,141000
1400000US06037574800,92214
1400000US06037574901,153304
1400000US06037574902,85933
1400000US06037575001,93587
1400000US06037575002,91518
1400000US06037575101,65640
1400000US06037575102,47875
1400000US06037575103,63813
1400000US06037575201,51444
1400000US06037575202,59559
1400000US06037575300,38688
1400000US06037575401,48299
1400000US06037575402,69097
1400000US06037575801,39872
1400000US06037575802,54591
1400000US06037575803,23827
1400000US06037575901,57404
1400000US06037575902,59385
1400000US06037576001,107787
1400000US06037576200,54569
1400000US06037576301,53813
1400000US06037576302,56389
1400000US06037576401,63015
1400000US06037576402,55148
1400000US06037576403,75278
1400000US06037576501,41750
1400000US06037576502,80625
1400000US06037576503,66891
1400000US06037576601,69195
1400000US06037576602,88268
1400000US06037576700,97891
1400000US06037576801,71797
1400000US06037576802,98456
1400000US06037576901,61528
1400000US06037576903,70932
1400000US06037576904,71644
1400000US06037577000,83329
1400000US06037577100,95130
1400000US06037577200,108668
1400000US06037577300,108771
1400000US06037577400,119911
1400000US06037577501,131765
1400000US06037577504,94125
1400000US06037577602,109177
1400000US06037577604,108571
1400000US06037577605,123986
1400000US06037577606,136094
1400000US06037577700,91612
1400000US06037577800,113235
1400000US06037577900,84598
1400000US06037578000,59141
1400000US06037578100,-
1400000US06037599000,91759
1400000US06037599100,-
1400000US06037600100,56118
1400000US06037600201,51154
1400000US06037600202,37250
1400000US06037600302,73365
1400000US06037600303,34933
1400000US06037600304,58013
1400000US06037600400,65145
1400000US06037600501,81458
1400000US06037600601,96607
1400000US06037600602,65129
1400000US06037600702,110417
1400000US06037600703,104595
1400000US06037600704,74405
1400000US06037600801,110625
1400000US06037600802,60913
1400000US06037600902,59498
1400000US06037600911,84706
1400000US06037600912,75781
1400000US06037601001,60250
1400000US06037601002,59220
1400000US06037601100,60174
1400000US06037601202,74013
1400000US06037601211,49167
1400000US06037601212,68728
1400000US06037601301,104239
1400000US06037601302,77744
1400000US06037601303,52113
1400000US06037601401,56908
1400000US06037601402,86563
1400000US06037601501,60109
1400000US06037601502,65000
1400000US06037601600,49173
1400000US06037601700,45847
1400000US06037601801,56786
1400000US06037601802,82833
1400000US06037601900,65215
1400000US06037602002,77344
1400000US06037602003,69850
1400000US06037602103,36390
1400000US06037602104,69798
1400000US06037602105,58686
1400000US06037602106,81283
1400000US06037602201,146225
1400000US06037602202,81429
1400000US06037602301,128221
1400000US06037602302,172097
1400000US06037602402,108368
1400000US06037602403,76286
1400000US06037602404,67736
1400000US06037602504,59634
1400000US06037602505,67257
1400000US06037602506,60574
1400000US06037602507,51281
1400000US06037602510,53036
1400000US06037602511,48165
1400000US06037602512,69489
1400000US06037602513,65896
1400000US06037602601,96607
1400000US06037602602,67174
1400000US06037602700,118710
1400000US06037602801,58810
1400000US06037602802,106793
1400000US06037602900,101186
1400000US06037603004,77765
1400000US06037603005,71458
1400000US06037603006,76563
1400000US06037603007,90288
1400000US06037603008,61500
1400000US06037603101,83884
1400000US06037603102,67917
1400000US06037603200,111153
1400000US06037603301,66786
1400000US06037603302,76929
1400000US06037603400,84821
1400000US06037603500,87857
1400000US06037603600,92552
1400000US06037603702,113464
1400000US06037603703,122609
1400000US06037603705,75565
1400000US06037603706,72656
1400000US06037603801,75417
1400000US06037603802,84735
1400000US06037603901,113500
1400000US06037603902,74531
1400000US06037604001,77837
1400000US06037604002,77098
1400000US06037604101,77849
1400000US06037604102,91875
1400000US06037604200,74819
1400000US06037609900,83717
1400000US06037620001,163510
1400000US06037620002,145325
1400000US06037620101,127941
1400000US06037620102,153482
1400000US06037620201,161563
1400000US06037620301,237798
1400000US06037620303,202875
1400000US06037620305,182775
1400000US06037620400,175469
1400000US06037620501,162674
1400000US06037620521,115829
1400000US06037620522,162778
1400000US06037620601,120326
1400000US06037620602,155342
1400000US06037620701,176613
1400000US06037620703,244257
1400000US06037620704,189095
1400000US06037620801,218036
1400000US06037620802,181518
1400000US06037620901,"250,000+"
1400000US06037620904,215694
1400000US06037621001,167260
1400000US06037621005,150152
1400000US06037621102,200250
1400000US06037621104,132366
1400000US06037621201,160201
1400000US06037621204,107935
1400000US06037621301,120750
1400000US06037621324,114826
1400000US06037621326,111866
1400000US06037621400,174667
1400000US06037650001,103352
1400000US06037650003,84750
1400000US06037650004,98750
1400000US06037650101,105274
1400000US06037650102,114531
1400000US06037650200,138438
1400000US06037650300,86212
1400000US06037650401,151923
1400000US06037650501,181154
1400000US06037650502,145369
1400000US06037650603,117019
1400000US06037650604,69448
1400000US06037650605,106719
1400000US06037650606,84961
1400000US06037650607,99342
1400000US06037650701,153750
1400000US06037650702,153164
1400000US06037650801,136827
1400000US06037650802,128295
1400000US06037650901,106250
1400000US06037650903,83889
1400000US06037650904,132986
1400000US06037651001,129143
1400000US06037651002,128293
1400000US06037651101,125028
1400000US06037651102,87647
1400000US06037651201,156722
1400000US06037651221,103073
1400000US06037651222,101653
1400000US06037651302,158958
1400000US06037651304,117211
1400000US06037651401,85114
1400000US06037651402,102056
1400000US06037670001,106250
1400000US06037670002,73875
1400000US06037670003,94917
1400000US06037670101,93400
1400000US06037670102,95292
1400000US06037670201,191063
1400000US06037670202,234750
1400000US06037670324,234338
1400000US06037670326,"250,000+"
1400000US06037670328,247568
1400000US06037670405,147143
1400000US06037670406,217917
1400000US06037670407,142306
1400000US06037670413,201116
1400000US06037670416,164250
1400000US06037670417,163088
1400000US06037670418,221205
1400000US06037670500,"250,000+"
1400000US06037670603,199000
1400000US06037670604,175972
1400000US06037670701,171522
1400000US06037670702,203039
1400000US06037700101,94194
1400000US06037700102,68628
1400000US06037700200,93431
1400000US06037700300,100454
1400000US06037700400,97320
1400000US06037700501,111014
1400000US06037700502,100636
1400000US06037700600,227382
1400000US06037700700,236250
1400000US06037700801,81438
1400000US06037700802,116851
1400000US06037700901,105446
1400000US06037700902,103460
1400000US06037701000,139340
1400000US06037701201,199609
1400000US06037701202,141495
1400000US06037701302,108101
1400000US06037701304,142155
1400000US06037701402,82459
1400000US06037701501,145142
1400000US06037701502,115260
1400000US06037701601,206012
1400000US06037701602,104792
1400000US06037701701,74926
1400000US06037701702,74971
1400000US06037701801,79529
1400000US06037701802,91750
1400000US06037701902,105199
1400000US06037702002,101648
1400000US06037702102,114740
1400000US06037702201,111865
1400000US06037702202,139625
1400000US06037702300,130179
1400000US06037702400,150909
1400000US06037702501,153382
1400000US06037702502,115144
1400000US06037702600,133194
1400000US06037702700,171875
1400000US06037702801,103523
1400000US06037702802,106786
1400000US06037702803,127439
1400000US06037702900,142440
1400000US06037703002,146786
1400000US06037703003,95988
1400000US06037703100,129269
1400000US06037703200,93906
1400000US06037800101,201313
1400000US06037800103,136856
1400000US06037800104,144309
1400000US06037800202,237750
1400000US06037800204,180375
1400000US06037800205,119464
1400000US06037800206,"250,000+"
1400000US06037800324,158351
1400000US06037800325,152232
1400000US06037800328,"250,000+"
1400000US06037800333,112120
1400000US06037800334,191101
1400000US06037800335,134167
1400000US06037800336,208500
1400000US06037800337,93971
1400000US06037800338,214833
1400000US06037800406,217679
1400000US06037800410,161875
1400000US06037800411,194223
1400000US06037800412,169244
1400000US06037800504,202763
1400000US06037800506,217893
1400000US06037900102,44946
1400000US06037900103,61184
1400000US06037900104,60977
1400000US06037900301,82165
1400000US06037900501,81765
1400000US06037900504,80038
1400000US06037900505,80718
1400000US06037900506,79345
1400000US06037900508,95587
1400000US06037900509,67880
1400000US06037900510,49495
1400000US06037900602,53666
1400000US06037900606,47161
1400000US06037900607,72668
1400000US06037900608,76220
1400000US06037900609,71250
1400000US06037900610,32386
1400000US06037900611,92938
1400000US06037900701,57238
1400000US06037900703,64688
1400000US06037900704,65721
1400000US06037900705,51746
1400000US06037900804,46299
1400000US06037900805,94552
1400000US06037900806,25465
1400000US06037900807,79302
1400000US06037900808,64620
1400000US06037900901,50509
1400000US06037900902,68276
1400000US06037901003,-
1400000US06037901007,83864
1400000US06037901008,97788
1400000US06037901009,94597
1400000US06037901010,71554
1400000US06037901011,93934
1400000US06037901012,133913
1400000US06037901013,129087
1400000US06037901014,109643
1400000US06037901101,101641
1400000US06037901102,91417
1400000US06037901209,68333
1400000US06037901210,104000
1400000US06037901214,109459
1400000US06037901215,65568
1400000US06037901216,113833
1400000US06037901217,129659
1400000US06037901218,160921
1400000US06037901300,63333
1400000US06037910002,64921
1400000US06037910210,129757
1400000US06037910211,201979
1400000US06037910212,109281
1400000US06037910213,142237
1400000US06037910214,115308
1400000US06037910215,87500
1400000US06037910216,112724
1400000US06037910217,128194
1400000US06037910218,78560
1400000US06037910301,116974
1400000US06037910302,97412
1400000US06037910401,87393
1400000US06037910404,63062
1400000US06037910405,48000
1400000US06037910501,34192
1400000US06037910502,42241
1400000US06037910504,70938
1400000US06037910505,69792
1400000US06037910601,80709
1400000US06037910602,48143
1400000US06037910605,66190
1400000US06037910606,79375
1400000US06037910607,67000
1400000US06037910608,71384
1400000US06037910706,106585
1400000US06037910707,69507
1400000US06037910709,100781
1400000US06037910712,98977
1400000US06037910713,82917
1400000US06037910714,77167
1400000US06037910715,77057
1400000US06037910716,92587
1400000US06037910717,87969
1400000US06037910718,101218
1400000US06037910719,95577
1400000US06037910720,74408
1400000US06037910721,47696
1400000US06037910804,140726
1400000US06037910807,142583
1400000US06037910808,113889
1400000US06037910809,167083
1400000US06037910810,155139
1400000US06037910814,122159
1400000US06037910815,93767
1400000US06037911001,80222
1400000US06037911100,65276
1400000US06037920013,117903
1400000US06037920015,186295
1400000US06037920016,154018
1400000US06037920017,145037
1400000US06037920018,148259
1400000US06037920020,106648
1400000US06037920028,139805
1400000US06037920029,110590
1400000US06037920030,131558
1400000US06037920031,72434
1400000US06037920034,160580
1400000US06037920035,109355
1400000US06037920038,69837
1400000US06037920039,135385
1400000US06037920040,118000
1400000US06037920041,121844
1400000US06037920042,125909
1400000US06037920043,159762
1400000US06037920044,102500
1400000US06037920045,133194
1400000US06037920046,95273
1400000US06037920047,66417
1400000US06037920048,104545
1400000US06037920049,191058
1400000US06037920050,60962
1400000US06037920102,97455
1400000US06037920104,122383
1400000US06037920106,109268
1400000US06037920109,111886
1400000US06037920110,134181
1400000US06037920111,135850
1400000US06037920112,118173
1400000US06037920114,119668
1400000US06037920115,102600
1400000US06037920116,132008
1400000US06037920118,146167
1400000US06037920119,208289
1400000US06037920120,220884
1400000US06037920121,161364
1400000US06037920200,-
1400000US06037920303,138750
1400000US06037920312,95333
1400000US06037920313,163636
1400000US06037920314,135795
1400000US06037920322,103906
1400000US06037920326,131938
1400000US06037920328,124274
1400000US06037920329,101821
1400000US06037920330,103839
1400000US06037920331,121343
1400000US06037920332,98333
1400000US06037920334,104438
1400000US06037920338,176667
1400000US06037920339,144876
1400000US06037920340,101750
1400000US06037920341,65382
1400000US06037920342,84563
1400000US06037920343,82809
1400000US06037930400,113929
1400000US06037980001,-
1400000US06037980002,-
1400000US06037980003,-
1400000US06037980004,-
1400000US06037980005,-
1400000US06037980006,-
1400000US06037980007,-
1400000US06037980008,-
1400000US06037980009,-
1400000US06037980010,-
1400000US06037980011,-
1400000US06037980012,-
1400000US06037980013,-
1400000US06037980014,-
1400000US06037980015,62534
1400000US06037980016,70833
1400000US06037980017,-
1400000US06037980018,-
1400000US06037980019,79018
1400000US06037980020,-
1400000US06037980021,-
1400000US06037980022,-
1400000US06037980023,-
1400000US06037980024,125625
1400000US06037980025,79250
1400000US06037980026,-
1400000US06037980028,-
1400000US06037980030,-
1400000US06037980031,-
1400000US06037980033,-
1400000US06037980034,-
1400000US06037980035,65750
1400000US06037980036,172829
1400000US06037980037,-
1400000US06037980038,-
1400000US06037980039,-
1400000US06037990100,-
1400000US06037990200,-
1400000US06037990300,-
